<?xml version='1.0' encoding='UTF-8'?>
<FDSNStationXML xmlns="http://www.fdsn.org/xml/station/1" schemaVersion="1.2">
  <Source>IRIS-DMC</Source>
  <Sender>IRIS-DMC</Sender>
  <Module>IRIS WEB SERVICE: fdsnws-station | version: 1.1.52</Module>
  <ModuleURI></ModuleURI>
  <Created>2025-07-04T13:23:23.907900Z</Created>
  <Network code="G" startDate="1982-01-01T00:00:00.000000Z" restrictedStatus="open" alternateCode="GEOSCOPE">
    <Description>GEOSCOPE - French Global Network of Seismological Broadband Stations (GEOSCOPE)</Description>
    <Identifier type="DOI">10.18715/GEOSCOPE.G
   </Identifier>
    <TotalNumberStations>57</TotalNumberStations>
    <SelectedNumberStations>1</SelectedNumberStations>
    <Station code="RER" startDate="1986-02-10T00:00:00.000000Z" restrictedStatus="open">
      <Comment>
        <Value>Uncertain timing of samples</Value>
        <BeginEffectiveTime>2014-01-05T06:35:00.000000Z</BeginEffectiveTime>
        <EndEffectiveTime>2014-01-15T07:00:00.000000Z</EndEffectiveTime>
      </Comment>
      <Comment>
        <Value>Only VH data exist</Value>
        <BeginEffectiveTime>1994-03-04T00:00:00.000000Z</BeginEffectiveTime>
        <EndEffectiveTime>1994-08-02T23:59:59.000000Z</EndEffectiveTime>
      </Comment>
      <Comment>
        <Value>No data for all channels</Value>
        <BeginEffectiveTime>1994-11-13T00:00:00.000000Z</BeginEffectiveTime>
        <EndEffectiveTime>1994-11-14T23:59:59.000000Z</EndEffectiveTime>
      </Comment>
      <Comment>
        <Value>No data for all channels</Value>
        <BeginEffectiveTime>1994-01-29T00:00:00.000000Z</BeginEffectiveTime>
        <EndEffectiveTime>1994-02-03T23:59:59.000000Z</EndEffectiveTime>
      </Comment>
      <Comment>
        <Value>Frequent data loss</Value>
        <BeginEffectiveTime>1990-01-01T00:00:00.000000Z</BeginEffectiveTime>
        <EndEffectiveTime>1993-01-23T00:00:27.000000Z</EndEffectiveTime>
      </Comment>
      <Comment>
        <Value>Frequent data loss</Value>
        <BeginEffectiveTime>1986-02-14T09:00:00.000000Z</BeginEffectiveTime>
        <EndEffectiveTime>1987-12-31T23:59:59.000000Z</EndEffectiveTime>
      </Comment>
      <Comment>
        <Value>Occasional data loss due to network problems</Value>
        <BeginEffectiveTime>2011-11-02T10:30:00.000000Z</BeginEffectiveTime>
        <EndEffectiveTime>2011-11-02T12:30:00.000000Z</EndEffectiveTime>
      </Comment>
      <Comment>
        <Value>Occasional data loss</Value>
        <BeginEffectiveTime>2011-11-08T09:06:00.000000Z</BeginEffectiveTime>
        <EndEffectiveTime>2011-11-09T18:30:00.000000Z</EndEffectiveTime>
      </Comment>
      <Comment>
        <Value>Occasional data loss</Value>
        <BeginEffectiveTime>1995-05-02T22:00:00.000000Z</BeginEffectiveTime>
        <EndEffectiveTime>1995-11-28T00:00:00.000000Z</EndEffectiveTime>
      </Comment>
      <Comment>
        <Value>Occasional data loss</Value>
        <BeginEffectiveTime>1993-07-30T06:40:00.000000Z</BeginEffectiveTime>
        <EndEffectiveTime>1993-12-16T05:44:00.000000Z</EndEffectiveTime>
      </Comment>
      <Comment>
        <Value>Error on sensors poles may reach 2 percent.</Value>
        <BeginEffectiveTime>1986-02-10T00:00:00.000000Z</BeginEffectiveTime>
      </Comment>
      <Comment>
        <Value>Sensors responses contain nominal values.</Value>
        <BeginEffectiveTime>1986-02-10T00:00:00.000000Z</BeginEffectiveTime>
      </Comment>
      <Comment>
        <Value>Station has clock problems.</Value>
        <BeginEffectiveTime>1989-01-24T02:24:00.000000Z</BeginEffectiveTime>
        <EndEffectiveTime>1989-09-27T23:59:59.000000Z</EndEffectiveTime>
      </Comment>
      <Comment>
        <Value>Station Calibration in progress.</Value>
        <BeginEffectiveTime>2012-03-19T12:00:00.000000Z</BeginEffectiveTime>
        <EndEffectiveTime>2012-03-19T14:00:00.000000Z</EndEffectiveTime>
      </Comment>
      <Comment>
        <Value>Maintenance in progress.</Value>
        <BeginEffectiveTime>2013-08-28T06:00:00.000000Z</BeginEffectiveTime>
        <EndEffectiveTime>2013-08-28T08:00:00.000000Z</EndEffectiveTime>
      </Comment>
      <Comment>
        <Value>Station is down.</Value>
        <BeginEffectiveTime>2013-04-22T23:00:00.000000Z</BeginEffectiveTime>
        <EndEffectiveTime>2013-05-17T10:20:00.000000Z</EndEffectiveTime>
      </Comment>
      <Comment>
        <Value>Station is down.</Value>
        <BeginEffectiveTime>2013-03-20T07:57:00.000000Z</BeginEffectiveTime>
        <EndEffectiveTime>2013-03-22T19:10:00.000000Z</EndEffectiveTime>
      </Comment>
      <Comment>
        <Value>Station is down.</Value>
        <BeginEffectiveTime>2011-02-27T21:19:00.000000Z</BeginEffectiveTime>
        <EndEffectiveTime>2011-03-01T05:07:00.000000Z</EndEffectiveTime>
      </Comment>
      <Comment>
        <Value>Station is down.</Value>
        <BeginEffectiveTime>2010-09-06T12:00:00.000000Z</BeginEffectiveTime>
        <EndEffectiveTime>2010-09-15T00:00:00.000000Z</EndEffectiveTime>
      </Comment>
      <Comment>
        <Value>Station is down.</Value>
        <BeginEffectiveTime>2009-10-12T05:30:00.000000Z</BeginEffectiveTime>
        <EndEffectiveTime>2009-10-16T12:53:00.000000Z</EndEffectiveTime>
      </Comment>
      <Comment>
        <Value>Station is down.</Value>
        <BeginEffectiveTime>2009-07-11T09:00:00.000000Z</BeginEffectiveTime>
        <EndEffectiveTime>2009-07-29T08:00:00.000000Z</EndEffectiveTime>
      </Comment>
      <Comment>
        <Value>Station is down.</Value>
        <BeginEffectiveTime>2009-06-22T16:00:00.000000Z</BeginEffectiveTime>
        <EndEffectiveTime>2009-07-02T15:00:00.000000Z</EndEffectiveTime>
      </Comment>
      <Comment>
        <Value>Station is down.</Value>
        <BeginEffectiveTime>2007-01-13T04:20:00.000000Z</BeginEffectiveTime>
        <EndEffectiveTime>2007-01-22T08:00:00.000000Z</EndEffectiveTime>
      </Comment>
      <Comment>
        <Value>Uncertain timing of samples</Value>
        <BeginEffectiveTime>2020-04-15T12:00:00.000000Z</BeginEffectiveTime>
        <EndEffectiveTime>2020-05-20T08:00:00.000000Z</EndEffectiveTime>
      </Comment>
      <Latitude unit="DEGREES">-21.1712</Latitude>
      <Longitude unit="DEGREES">55.73986</Longitude>
      <Elevation>834.0</Elevation>
      <Site>
        <Name>Riviere de l'Est - Sainte Rose - La Reunion island, France</Name>
      </Site>
      <CreationDate>1986-02-10T00:00:00.000000Z</CreationDate>
      <TotalNumberChannels>88</TotalNumberChannels>
      <SelectedNumberChannels>3</SelectedNumberChannels>
      <Channel code="BHE" startDate="2010-09-15T00:00:00.000000Z" restrictedStatus="open" locationCode="00">
        <Latitude unit="DEGREES">-21.1712</Latitude>
        <Longitude unit="DEGREES">55.73986</Longitude>
        <Elevation>834.0</Elevation>
        <Depth>0.0</Depth>
        <Azimuth unit="DEGREES">90.0</Azimuth>
        <Dip unit="DEGREES">0.0</Dip>
        <Type>CONTINUOUS</Type>
        <Type>GEOPHYSICAL</Type>
        <SampleRate unit="SAMPLES/S">20.0</SampleRate>
        <ClockDrift unit="SECONDS/SAMPLE">5e-06</ClockDrift>
        <Sensor>
          <Description>STRECKEISEN STS1 + METROZET E300 Electronics</Description>
        </Sensor>
        <Response>
          <InstrumentSensitivity>
            <Value>4479560000.0</Value>
            <Frequency>0.02</Frequency>
            <InputUnits>
              <Name>m/s</Name>
              <Description>VELOCITY in Meters Per Second</Description>
            </InputUnits>
            <OutputUnits>
              <Name>counts</Name>
              <Description>DIGITAL UNIT in Counts</Description>
            </OutputUnits>
          </InstrumentSensitivity>
          <Stage number="1">
            <PolesZeros>
              <InputUnits>
                <Name>m/s</Name>
                <Description>VELOCITY in Meters Per Second</Description>
              </InputUnits>
              <OutputUnits>
                <Name>V</Name>
                <Description>Volts</Description>
              </OutputUnits>
              <PzTransferFunctionType>LAPLACE (RADIANS/SECOND)</PzTransferFunctionType>
              <NormalizationFactor>6655.68</NormalizationFactor>
              <NormalizationFrequency unit="HERTZ">0.02</NormalizationFrequency>
              <Zero number="0">
                <Real minusError="0.0" plusError="0.0">0.0</Real>
                <Imaginary minusError="0.0" plusError="0.0">0.0</Imaginary>
              </Zero>
              <Zero number="1">
                <Real minusError="0.0" plusError="0.0">0.0</Real>
                <Imaginary minusError="0.0" plusError="0.0">0.0</Imaginary>
              </Zero>
              <Pole number="0">
                <Real minusError="0.0" plusError="0.0">-0.0121284</Real>
                <Imaginary minusError="0.0" plusError="0.0">0.0121901</Imaginary>
              </Pole>
              <Pole number="1">
                <Real minusError="0.0" plusError="0.0">-0.0121284</Real>
                <Imaginary minusError="0.0" plusError="0.0">-0.0121901</Imaginary>
              </Pole>
              <Pole number="2">
                <Real minusError="0.0" plusError="0.0">-31.5708</Real>
                <Imaginary minusError="0.0" plusError="0.0">75.2226</Imaginary>
              </Pole>
              <Pole number="3">
                <Real minusError="0.0" plusError="0.0">-31.5708</Real>
                <Imaginary minusError="0.0" plusError="0.0">-75.2226</Imaginary>
              </Pole>
            </PolesZeros>
            <StageGain>
              <Value>2670.0</Value>
              <Frequency>0.02</Frequency>
            </StageGain>
          </Stage>
          <Stage number="2">
            <Coefficients>
              <InputUnits>
                <Name>V</Name>
                <Description>Volts</Description>
              </InputUnits>
              <OutputUnits>
                <Name>counts</Name>
                <Description>DIGITAL UNIT in Counts</Description>
              </OutputUnits>
              <CfTransferFunctionType>DIGITAL</CfTransferFunctionType>
            </Coefficients>
            <Decimation>
              <InputSampleRate unit="HERTZ">20.0</InputSampleRate>
              <Factor>1</Factor>
              <Offset>0</Offset>
              <Delay>0.0</Delay>
              <Correction>0.0</Correction>
            </Decimation>
            <StageGain>
              <Value>1677720.0</Value>
              <Frequency>0.0</Frequency>
            </StageGain>
          </Stage>
          <Stage number="3">
            <Coefficients>
              <InputUnits>
                <Name>counts</Name>
                <Description>DIGITAL UNIT in Counts</Description>
              </InputUnits>
              <OutputUnits>
                <Name>counts</Name>
                <Description>DIGITAL UNIT in Counts</Description>
              </OutputUnits>
              <CfTransferFunctionType>DIGITAL</CfTransferFunctionType>
              <Numerator minusError="0.0" plusError="0.0">3.77162e-17</Numerator>
              <Numerator minusError="0.0" plusError="0.0">-1.69713e-10</Numerator>
              <Numerator minusError="0.0" plusError="0.0">1.71838e-08</Numerator>
              <Numerator minusError="0.0" plusError="0.0">-2.43964e-07</Numerator>
              <Numerator minusError="0.0" plusError="0.0">2.58252e-07</Numerator>
              <Numerator minusError="0.0" plusError="0.0">1.5609e-06</Numerator>
              <Numerator minusError="0.0" plusError="0.0">-1.81704e-06</Numerator>
              <Numerator minusError="0.0" plusError="0.0">2.41376e-06</Numerator>
              <Numerator minusError="0.0" plusError="0.0">-3.70491e-06</Numerator>
              <Numerator minusError="0.0" plusError="0.0">8.73276e-07</Numerator>
              <Numerator minusError="0.0" plusError="0.0">3.64235e-05</Numerator>
              <Numerator minusError="0.0" plusError="0.0">-0.000246833</Numerator>
              <Numerator minusError="0.0" plusError="0.0">-0.000393599</Numerator>
              <Numerator minusError="0.0" plusError="0.0">0.000655961</Numerator>
              <Numerator minusError="0.0" plusError="0.0">-0.00102025</Numerator>
              <Numerator minusError="0.0" plusError="0.0">0.00123051</Numerator>
              <Numerator minusError="0.0" plusError="0.0">-0.00106043</Numerator>
              <Numerator minusError="0.0" plusError="0.0">0.000288613</Numerator>
              <Numerator minusError="0.0" plusError="0.0">0.00122683</Numerator>
              <Numerator minusError="0.0" plusError="0.0">-0.00345855</Numerator>
              <Numerator minusError="0.0" plusError="0.0">0.00614628</Numerator>
              <Numerator minusError="0.0" plusError="0.0">-0.00875821</Numerator>
              <Numerator minusError="0.0" plusError="0.0">0.0105179</Numerator>
              <Numerator minusError="0.0" plusError="0.0">-0.0104955</Numerator>
              <Numerator minusError="0.0" plusError="0.0">0.00776882</Numerator>
              <Numerator minusError="0.0" plusError="0.0">-0.0016282</Numerator>
              <Numerator minusError="0.0" plusError="0.0">-0.00764096</Numerator>
              <Numerator minusError="0.0" plusError="0.0">0.0198944</Numerator>
              <Numerator minusError="0.0" plusError="0.0">-0.0387619</Numerator>
              <Numerator minusError="0.0" plusError="0.0">0.0551044</Numerator>
              <Numerator minusError="0.0" plusError="0.0">-0.0713696</Numerator>
              <Numerator minusError="0.0" plusError="0.0">0.0833036</Numerator>
              <Numerator minusError="0.0" plusError="0.0">-0.0867195</Numerator>
              <Numerator minusError="0.0" plusError="0.0">0.0628769</Numerator>
              <Numerator minusError="0.0" plusError="0.0">0.889951</Numerator>
              <Numerator minusError="0.0" plusError="0.0">0.167002</Numerator>
              <Numerator minusError="0.0" plusError="0.0">-0.128687</Numerator>
              <Numerator minusError="0.0" plusError="0.0">0.100726</Numerator>
              <Numerator minusError="0.0" plusError="0.0">-0.0755007</Numerator>
              <Numerator minusError="0.0" plusError="0.0">0.0515952</Numerator>
              <Numerator minusError="0.0" plusError="0.0">-0.0311146</Numerator>
              <Numerator minusError="0.0" plusError="0.0">0.011006</Numerator>
              <Numerator minusError="0.0" plusError="0.0">0.000476173</Numerator>
              <Numerator minusError="0.0" plusError="0.0">-0.00823882</Numerator>
              <Numerator minusError="0.0" plusError="0.0">0.0124211</Numerator>
              <Numerator minusError="0.0" plusError="0.0">-0.0131333</Numerator>
              <Numerator minusError="0.0" plusError="0.0">0.0114417</Numerator>
              <Numerator minusError="0.0" plusError="0.0">-0.00845235</Numerator>
              <Numerator minusError="0.0" plusError="0.0">0.00513644</Numerator>
              <Numerator minusError="0.0" plusError="0.0">-0.00220567</Numerator>
              <Numerator minusError="0.0" plusError="0.0">6.47577e-05</Numerator>
              <Numerator minusError="0.0" plusError="0.0">0.00117235</Numerator>
              <Numerator minusError="0.0" plusError="0.0">-0.00160962</Numerator>
              <Numerator minusError="0.0" plusError="0.0">0.00148359</Numerator>
              <Numerator minusError="0.0" plusError="0.0">-0.00106529</Numerator>
              <Numerator minusError="0.0" plusError="0.0">0.000590532</Numerator>
              <Numerator minusError="0.0" plusError="0.0">-0.000273576</Numerator>
              <Numerator minusError="0.0" plusError="0.0">-0.000321484</Numerator>
              <Numerator minusError="0.0" plusError="0.0">3.98515e-05</Numerator>
              <Numerator minusError="0.0" plusError="0.0">1.0833e-06</Numerator>
              <Numerator minusError="0.0" plusError="0.0">-4.64297e-06</Numerator>
              <Numerator minusError="0.0" plusError="0.0">2.88448e-06</Numerator>
              <Numerator minusError="0.0" plusError="0.0">-1.62081e-06</Numerator>
              <Numerator minusError="0.0" plusError="0.0">1.31617e-06</Numerator>
              <Numerator minusError="0.0" plusError="0.0">4.72519e-07</Numerator>
              <Numerator minusError="0.0" plusError="0.0">-3.29637e-07</Numerator>
              <Numerator minusError="0.0" plusError="0.0">2.71423e-08</Numerator>
            </Coefficients>
            <Decimation>
              <InputSampleRate unit="HERTZ">20.0</InputSampleRate>
              <Factor>1</Factor>
              <Offset>0</Offset>
              <Delay>1.7</Delay>
              <Correction>1.7</Correction>
            </Decimation>
            <StageGain>
              <Value>1.0</Value>
              <Frequency>0.0</Frequency>
            </StageGain>
          </Stage>
        </Response>
      </Channel>
      <Channel code="BHN" startDate="2010-09-15T00:00:00.000000Z" restrictedStatus="open" locationCode="00">
        <Latitude unit="DEGREES">-21.1712</Latitude>
        <Longitude unit="DEGREES">55.73986</Longitude>
        <Elevation>834.0</Elevation>
        <Depth>0.0</Depth>
        <Azimuth unit="DEGREES">0.0</Azimuth>
        <Dip unit="DEGREES">0.0</Dip>
        <Type>CONTINUOUS</Type>
        <Type>GEOPHYSICAL</Type>
        <SampleRate unit="SAMPLES/S">20.0</SampleRate>
        <ClockDrift unit="SECONDS/SAMPLE">5e-06</ClockDrift>
        <Sensor>
          <Description>STRECKEISEN STS1 + METROZET E300 Electronics</Description>
        </Sensor>
        <Response>
          <InstrumentSensitivity>
            <Value>4714450000.0</Value>
            <Frequency>0.02</Frequency>
            <InputUnits>
              <Name>m/s</Name>
              <Description>VELOCITY in Meters Per Second</Description>
            </InputUnits>
            <OutputUnits>
              <Name>counts</Name>
              <Description>DIGITAL UNIT in Counts</Description>
            </OutputUnits>
          </InstrumentSensitivity>
          <Stage number="1">
            <PolesZeros>
              <InputUnits>
                <Name>m/s</Name>
                <Description>VELOCITY in Meters Per Second</Description>
              </InputUnits>
              <OutputUnits>
                <Name>V</Name>
                <Description>Volts</Description>
              </OutputUnits>
              <PzTransferFunctionType>LAPLACE (RADIANS/SECOND)</PzTransferFunctionType>
              <NormalizationFactor>6143.59</NormalizationFactor>
              <NormalizationFrequency unit="HERTZ">0.02</NormalizationFrequency>
              <Zero number="0">
                <Real minusError="0.0" plusError="0.0">0.0</Real>
                <Imaginary minusError="0.0" plusError="0.0">0.0</Imaginary>
              </Zero>
              <Zero number="1">
                <Real minusError="0.0" plusError="0.0">0.0</Real>
                <Imaginary minusError="0.0" plusError="0.0">0.0</Imaginary>
              </Zero>
              <Pole number="0">
                <Real minusError="0.0" plusError="0.0">-0.0121185</Real>
                <Imaginary minusError="0.0" plusError="0.0">0.0120971</Imaginary>
              </Pole>
              <Pole number="1">
                <Real minusError="0.0" plusError="0.0">-0.0121185</Real>
                <Imaginary minusError="0.0" plusError="0.0">-0.0120971</Imaginary>
              </Pole>
              <Pole number="2">
                <Real minusError="0.0" plusError="0.0">-31.5353</Real>
                <Imaginary minusError="0.0" plusError="0.0">71.7486</Imaginary>
              </Pole>
              <Pole number="3">
                <Real minusError="0.0" plusError="0.0">-31.5353</Real>
                <Imaginary minusError="0.0" plusError="0.0">-71.7486</Imaginary>
              </Pole>
            </PolesZeros>
            <StageGain>
              <Value>2810.0</Value>
              <Frequency>0.02</Frequency>
            </StageGain>
          </Stage>
          <Stage number="2">
            <Coefficients>
              <InputUnits>
                <Name>V</Name>
                <Description>Volts</Description>
              </InputUnits>
              <OutputUnits>
                <Name>counts</Name>
                <Description>DIGITAL UNIT in Counts</Description>
              </OutputUnits>
              <CfTransferFunctionType>DIGITAL</CfTransferFunctionType>
            </Coefficients>
            <Decimation>
              <InputSampleRate unit="HERTZ">20.0</InputSampleRate>
              <Factor>1</Factor>
              <Offset>0</Offset>
              <Delay>0.0</Delay>
              <Correction>0.0</Correction>
            </Decimation>
            <StageGain>
              <Value>1677720.0</Value>
              <Frequency>0.0</Frequency>
            </StageGain>
          </Stage>
          <Stage number="3">
            <Coefficients>
              <InputUnits>
                <Name>counts</Name>
                <Description>DIGITAL UNIT in Counts</Description>
              </InputUnits>
              <OutputUnits>
                <Name>counts</Name>
                <Description>DIGITAL UNIT in Counts</Description>
              </OutputUnits>
              <CfTransferFunctionType>DIGITAL</CfTransferFunctionType>
              <Numerator minusError="0.0" plusError="0.0">3.77162e-17</Numerator>
              <Numerator minusError="0.0" plusError="0.0">-1.69713e-10</Numerator>
              <Numerator minusError="0.0" plusError="0.0">1.71838e-08</Numerator>
              <Numerator minusError="0.0" plusError="0.0">-2.43964e-07</Numerator>
              <Numerator minusError="0.0" plusError="0.0">2.58252e-07</Numerator>
              <Numerator minusError="0.0" plusError="0.0">1.5609e-06</Numerator>
              <Numerator minusError="0.0" plusError="0.0">-1.81704e-06</Numerator>
              <Numerator minusError="0.0" plusError="0.0">2.41376e-06</Numerator>
              <Numerator minusError="0.0" plusError="0.0">-3.70491e-06</Numerator>
              <Numerator minusError="0.0" plusError="0.0">8.73276e-07</Numerator>
              <Numerator minusError="0.0" plusError="0.0">3.64235e-05</Numerator>
              <Numerator minusError="0.0" plusError="0.0">-0.000246833</Numerator>
              <Numerator minusError="0.0" plusError="0.0">-0.000393599</Numerator>
              <Numerator minusError="0.0" plusError="0.0">0.000655961</Numerator>
              <Numerator minusError="0.0" plusError="0.0">-0.00102025</Numerator>
              <Numerator minusError="0.0" plusError="0.0">0.00123051</Numerator>
              <Numerator minusError="0.0" plusError="0.0">-0.00106043</Numerator>
              <Numerator minusError="0.0" plusError="0.0">0.000288613</Numerator>
              <Numerator minusError="0.0" plusError="0.0">0.00122683</Numerator>
              <Numerator minusError="0.0" plusError="0.0">-0.00345855</Numerator>
              <Numerator minusError="0.0" plusError="0.0">0.00614628</Numerator>
              <Numerator minusError="0.0" plusError="0.0">-0.00875821</Numerator>
              <Numerator minusError="0.0" plusError="0.0">0.0105179</Numerator>
              <Numerator minusError="0.0" plusError="0.0">-0.0104955</Numerator>
              <Numerator minusError="0.0" plusError="0.0">0.00776882</Numerator>
              <Numerator minusError="0.0" plusError="0.0">-0.0016282</Numerator>
              <Numerator minusError="0.0" plusError="0.0">-0.00764096</Numerator>
              <Numerator minusError="0.0" plusError="0.0">0.0198944</Numerator>
              <Numerator minusError="0.0" plusError="0.0">-0.0387619</Numerator>
              <Numerator minusError="0.0" plusError="0.0">0.0551044</Numerator>
              <Numerator minusError="0.0" plusError="0.0">-0.0713696</Numerator>
              <Numerator minusError="0.0" plusError="0.0">0.0833036</Numerator>
              <Numerator minusError="0.0" plusError="0.0">-0.0867195</Numerator>
              <Numerator minusError="0.0" plusError="0.0">0.0628769</Numerator>
              <Numerator minusError="0.0" plusError="0.0">0.889951</Numerator>
              <Numerator minusError="0.0" plusError="0.0">0.167002</Numerator>
              <Numerator minusError="0.0" plusError="0.0">-0.128687</Numerator>
              <Numerator minusError="0.0" plusError="0.0">0.100726</Numerator>
              <Numerator minusError="0.0" plusError="0.0">-0.0755007</Numerator>
              <Numerator minusError="0.0" plusError="0.0">0.0515952</Numerator>
              <Numerator minusError="0.0" plusError="0.0">-0.0311146</Numerator>
              <Numerator minusError="0.0" plusError="0.0">0.011006</Numerator>
              <Numerator minusError="0.0" plusError="0.0">0.000476173</Numerator>
              <Numerator minusError="0.0" plusError="0.0">-0.00823882</Numerator>
              <Numerator minusError="0.0" plusError="0.0">0.0124211</Numerator>
              <Numerator minusError="0.0" plusError="0.0">-0.0131333</Numerator>
              <Numerator minusError="0.0" plusError="0.0">0.0114417</Numerator>
              <Numerator minusError="0.0" plusError="0.0">-0.00845235</Numerator>
              <Numerator minusError="0.0" plusError="0.0">0.00513644</Numerator>
              <Numerator minusError="0.0" plusError="0.0">-0.00220567</Numerator>
              <Numerator minusError="0.0" plusError="0.0">6.47577e-05</Numerator>
              <Numerator minusError="0.0" plusError="0.0">0.00117235</Numerator>
              <Numerator minusError="0.0" plusError="0.0">-0.00160962</Numerator>
              <Numerator minusError="0.0" plusError="0.0">0.00148359</Numerator>
              <Numerator minusError="0.0" plusError="0.0">-0.00106529</Numerator>
              <Numerator minusError="0.0" plusError="0.0">0.000590532</Numerator>
              <Numerator minusError="0.0" plusError="0.0">-0.000273576</Numerator>
              <Numerator minusError="0.0" plusError="0.0">-0.000321484</Numerator>
              <Numerator minusError="0.0" plusError="0.0">3.98515e-05</Numerator>
              <Numerator minusError="0.0" plusError="0.0">1.0833e-06</Numerator>
              <Numerator minusError="0.0" plusError="0.0">-4.64297e-06</Numerator>
              <Numerator minusError="0.0" plusError="0.0">2.88448e-06</Numerator>
              <Numerator minusError="0.0" plusError="0.0">-1.62081e-06</Numerator>
              <Numerator minusError="0.0" plusError="0.0">1.31617e-06</Numerator>
              <Numerator minusError="0.0" plusError="0.0">4.72519e-07</Numerator>
              <Numerator minusError="0.0" plusError="0.0">-3.29637e-07</Numerator>
              <Numerator minusError="0.0" plusError="0.0">2.71423e-08</Numerator>
            </Coefficients>
            <Decimation>
              <InputSampleRate unit="HERTZ">20.0</InputSampleRate>
              <Factor>1</Factor>
              <Offset>0</Offset>
              <Delay>1.7</Delay>
              <Correction>1.7</Correction>
            </Decimation>
            <StageGain>
              <Value>1.0</Value>
              <Frequency>0.0</Frequency>
            </StageGain>
          </Stage>
        </Response>
      </Channel>
      <Channel code="BHZ" startDate="2010-09-15T00:00:00.000000Z" restrictedStatus="open" locationCode="00">
        <Latitude unit="DEGREES">-21.1712</Latitude>
        <Longitude unit="DEGREES">55.73986</Longitude>
        <Elevation>834.0</Elevation>
        <Depth>0.0</Depth>
        <Azimuth unit="DEGREES">0.0</Azimuth>
        <Dip unit="DEGREES">-90.0</Dip>
        <Type>CONTINUOUS</Type>
        <Type>GEOPHYSICAL</Type>
        <SampleRate unit="SAMPLES/S">20.0</SampleRate>
        <ClockDrift unit="SECONDS/SAMPLE">5e-06</ClockDrift>
        <Sensor>
          <Description>STRECKEISEN STS1 + METROZET E300 Electronics</Description>
        </Sensor>
        <Response>
          <InstrumentSensitivity>
            <Value>5670760000.0</Value>
            <Frequency>0.02</Frequency>
            <InputUnits>
              <Name>m/s</Name>
              <Description>VELOCITY in Meters Per Second</Description>
            </InputUnits>
            <OutputUnits>
              <Name>counts</Name>
              <Description>DIGITAL UNIT in Counts</Description>
            </OutputUnits>
          </InstrumentSensitivity>
          <Stage number="1">
            <PolesZeros>
              <InputUnits>
                <Name>m/s</Name>
                <Description>VELOCITY in Meters Per Second</Description>
              </InputUnits>
              <OutputUnits>
                <Name>V</Name>
                <Description>Volts</Description>
              </OutputUnits>
              <PzTransferFunctionType>LAPLACE (RADIANS/SECOND)</PzTransferFunctionType>
              <NormalizationFactor>5646.27</NormalizationFactor>
              <NormalizationFrequency unit="HERTZ">0.02</NormalizationFrequency>
              <Zero number="0">
                <Real minusError="0.0" plusError="0.0">0.0</Real>
                <Imaginary minusError="0.0" plusError="0.0">0.0</Imaginary>
              </Zero>
              <Zero number="1">
                <Real minusError="0.0" plusError="0.0">0.0</Real>
                <Imaginary minusError="0.0" plusError="0.0">0.0</Imaginary>
              </Zero>
              <Pole number="0">
                <Real minusError="0.0" plusError="0.0">-0.0120702</Real>
                <Imaginary minusError="0.0" plusError="0.0">0.0121883</Imaginary>
              </Pole>
              <Pole number="1">
                <Real minusError="0.0" plusError="0.0">-0.0120702</Real>
                <Imaginary minusError="0.0" plusError="0.0">-0.0121883</Imaginary>
              </Pole>
              <Pole number="2">
                <Real minusError="0.0" plusError="0.0">-31.6272</Real>
                <Imaginary minusError="0.0" plusError="0.0">68.1619</Imaginary>
              </Pole>
              <Pole number="3">
                <Real minusError="0.0" plusError="0.0">-31.6272</Real>
                <Imaginary minusError="0.0" plusError="0.0">-68.1619</Imaginary>
              </Pole>
            </PolesZeros>
            <StageGain>
              <Value>3380.0</Value>
              <Frequency>0.02</Frequency>
            </StageGain>
          </Stage>
          <Stage number="2">
            <Coefficients>
              <InputUnits>
                <Name>V</Name>
                <Description>Volts</Description>
              </InputUnits>
              <OutputUnits>
                <Name>counts</Name>
                <Description>DIGITAL UNIT in Counts</Description>
              </OutputUnits>
              <CfTransferFunctionType>DIGITAL</CfTransferFunctionType>
            </Coefficients>
            <Decimation>
              <InputSampleRate unit="HERTZ">20.0</InputSampleRate>
              <Factor>1</Factor>
              <Offset>0</Offset>
              <Delay>0.0</Delay>
              <Correction>0.0</Correction>
            </Decimation>
            <StageGain>
              <Value>1677720.0</Value>
              <Frequency>0.0</Frequency>
            </StageGain>
          </Stage>
          <Stage number="3">
            <Coefficients>
              <InputUnits>
                <Name>counts</Name>
                <Description>DIGITAL UNIT in Counts</Description>
              </InputUnits>
              <OutputUnits>
                <Name>counts</Name>
                <Description>DIGITAL UNIT in Counts</Description>
              </OutputUnits>
              <CfTransferFunctionType>DIGITAL</CfTransferFunctionType>
              <Numerator minusError="0.0" plusError="0.0">3.77162e-17</Numerator>
              <Numerator minusError="0.0" plusError="0.0">-1.69713e-10</Numerator>
              <Numerator minusError="0.0" plusError="0.0">1.71838e-08</Numerator>
              <Numerator minusError="0.0" plusError="0.0">-2.43964e-07</Numerator>
              <Numerator minusError="0.0" plusError="0.0">2.58252e-07</Numerator>
              <Numerator minusError="0.0" plusError="0.0">1.5609e-06</Numerator>
              <Numerator minusError="0.0" plusError="0.0">-1.81704e-06</Numerator>
              <Numerator minusError="0.0" plusError="0.0">2.41376e-06</Numerator>
              <Numerator minusError="0.0" plusError="0.0">-3.70491e-06</Numerator>
              <Numerator minusError="0.0" plusError="0.0">8.73276e-07</Numerator>
              <Numerator minusError="0.0" plusError="0.0">3.64235e-05</Numerator>
              <Numerator minusError="0.0" plusError="0.0">-0.000246833</Numerator>
              <Numerator minusError="0.0" plusError="0.0">-0.000393599</Numerator>
              <Numerator minusError="0.0" plusError="0.0">0.000655961</Numerator>
              <Numerator minusError="0.0" plusError="0.0">-0.00102025</Numerator>
              <Numerator minusError="0.0" plusError="0.0">0.00123051</Numerator>
              <Numerator minusError="0.0" plusError="0.0">-0.00106043</Numerator>
              <Numerator minusError="0.0" plusError="0.0">0.000288613</Numerator>
              <Numerator minusError="0.0" plusError="0.0">0.00122683</Numerator>
              <Numerator minusError="0.0" plusError="0.0">-0.00345855</Numerator>
              <Numerator minusError="0.0" plusError="0.0">0.00614628</Numerator>
              <Numerator minusError="0.0" plusError="0.0">-0.00875821</Numerator>
              <Numerator minusError="0.0" plusError="0.0">0.0105179</Numerator>
              <Numerator minusError="0.0" plusError="0.0">-0.0104955</Numerator>
              <Numerator minusError="0.0" plusError="0.0">0.00776882</Numerator>
              <Numerator minusError="0.0" plusError="0.0">-0.0016282</Numerator>
              <Numerator minusError="0.0" plusError="0.0">-0.00764096</Numerator>
              <Numerator minusError="0.0" plusError="0.0">0.0198944</Numerator>
              <Numerator minusError="0.0" plusError="0.0">-0.0387619</Numerator>
              <Numerator minusError="0.0" plusError="0.0">0.0551044</Numerator>
              <Numerator minusError="0.0" plusError="0.0">-0.0713696</Numerator>
              <Numerator minusError="0.0" plusError="0.0">0.0833036</Numerator>
              <Numerator minusError="0.0" plusError="0.0">-0.0867195</Numerator>
              <Numerator minusError="0.0" plusError="0.0">0.0628769</Numerator>
              <Numerator minusError="0.0" plusError="0.0">0.889951</Numerator>
              <Numerator minusError="0.0" plusError="0.0">0.167002</Numerator>
              <Numerator minusError="0.0" plusError="0.0">-0.128687</Numerator>
              <Numerator minusError="0.0" plusError="0.0">0.100726</Numerator>
              <Numerator minusError="0.0" plusError="0.0">-0.0755007</Numerator>
              <Numerator minusError="0.0" plusError="0.0">0.0515952</Numerator>
              <Numerator minusError="0.0" plusError="0.0">-0.0311146</Numerator>
              <Numerator minusError="0.0" plusError="0.0">0.011006</Numerator>
              <Numerator minusError="0.0" plusError="0.0">0.000476173</Numerator>
              <Numerator minusError="0.0" plusError="0.0">-0.00823882</Numerator>
              <Numerator minusError="0.0" plusError="0.0">0.0124211</Numerator>
              <Numerator minusError="0.0" plusError="0.0">-0.0131333</Numerator>
              <Numerator minusError="0.0" plusError="0.0">0.0114417</Numerator>
              <Numerator minusError="0.0" plusError="0.0">-0.00845235</Numerator>
              <Numerator minusError="0.0" plusError="0.0">0.00513644</Numerator>
              <Numerator minusError="0.0" plusError="0.0">-0.00220567</Numerator>
              <Numerator minusError="0.0" plusError="0.0">6.47577e-05</Numerator>
              <Numerator minusError="0.0" plusError="0.0">0.00117235</Numerator>
              <Numerator minusError="0.0" plusError="0.0">-0.00160962</Numerator>
              <Numerator minusError="0.0" plusError="0.0">0.00148359</Numerator>
              <Numerator minusError="0.0" plusError="0.0">-0.00106529</Numerator>
              <Numerator minusError="0.0" plusError="0.0">0.000590532</Numerator>
              <Numerator minusError="0.0" plusError="0.0">-0.000273576</Numerator>
              <Numerator minusError="0.0" plusError="0.0">-0.000321484</Numerator>
              <Numerator minusError="0.0" plusError="0.0">3.98515e-05</Numerator>
              <Numerator minusError="0.0" plusError="0.0">1.0833e-06</Numerator>
              <Numerator minusError="0.0" plusError="0.0">-4.64297e-06</Numerator>
              <Numerator minusError="0.0" plusError="0.0">2.88448e-06</Numerator>
              <Numerator minusError="0.0" plusError="0.0">-1.62081e-06</Numerator>
              <Numerator minusError="0.0" plusError="0.0">1.31617e-06</Numerator>
              <Numerator minusError="0.0" plusError="0.0">4.72519e-07</Numerator>
              <Numerator minusError="0.0" plusError="0.0">-3.29637e-07</Numerator>
              <Numerator minusError="0.0" plusError="0.0">2.71423e-08</Numerator>
            </Coefficients>
            <Decimation>
              <InputSampleRate unit="HERTZ">20.0</InputSampleRate>
              <Factor>1</Factor>
              <Offset>0</Offset>
              <Delay>1.7</Delay>
              <Correction>1.7</Correction>
            </Decimation>
            <StageGain>
              <Value>1.0</Value>
              <Frequency>0.0</Frequency>
            </StageGain>
          </Stage>
        </Response>
      </Channel>
    </Station>
  </Network>
</FDSNStationXML>
